Y1992,Y1993,Y1994,Y1995,Y1996,Y1997,Y1998,Y1999,Y2000,Y2001,Y2002,Y2003,Y2004,Y2005,Y2006,Y2007,Y2008,Y2009,Y2010,Y2011,Y2012,countryCODE
14.05608333,14.43925,14.75475,14.85916667,14.426,14.904,15.1325,15.38875,14.62358333,14.83604167,15.02175,13.95120833,14.78833333,14.18283333,14.74025,14.22954167,14.45783333,14.59158333,14.52258333,14.4515,14.192125,AFG
13.08466667,13.12258333,14.09966667,12.78208333,12.7365,12.90091667,13.31125,13.65375,13.40758333,13.07,13.02129167,13.08520833,12.89375,12.45545833,12.57833333,13.05708333,13.10120833,13.20204167,13.220125,12.96341667,12.91304167,ALB
22.767,23.45083333,23.64208333,23.7225,23.73433333,23.95516667,23.92058333,24.29941667,23.44820833,23.72541667,23.65770833,23.47466667,23.29916667,23.39133333,23.33470833,23.11845833,23.38991667,23.36208333,23.94629167,23.35941667,23.41079167,DZA
22.49858333,22.291,22.18941667,22.93616667,22.47925,22.31716667,23.12016667,22.38208333,22.07529167,22.12716667,22.280625,22.32566667,21.69604167,22.23525,21.63941667,21.73895833,21.8185,21.960875,22.13470833,21.627,22.023625,AGO
14.73916667,15.09866667,15.57866667,15.14983333,15.21158333,15.62066667,15.26175,15.06491667,14.778875,15.089875,14.90245833,14.94720833,14.93725,14.652125,15.12783333,14.31570833,14.91795833,14.895,14.62170833,14.613,15.09395833,ARG
7.614666667,7.769666667,9.02125,9.892166667,9.819166667,9.246333333,10.44841667,10.331,9.080958333,9.848208333,9.054583333,8.725541667,8.784541667,9.011958333,9.202875,8.5625,8.742666667,9.244791667,10.01883333,8.065291667,9.634,ARM
21.93258333,22.16016667,22.03025,21.95516667,22.32533333,22.086,22.66483333,22.0645,21.738125,21.68766667,22.029375,21.80854167,21.628875,22.03716667,22.07470833,21.890625,21.54520833,21.87166667,21.823625,21.55745833,21.92533333,AUS
7.615583333,6.858666667,8.164916667,6.8465,5.86325,7.025083333,7.22275,7.23425,7.377583333,6.422708333,6.746125,6.874708333,6.720333333,6.2985,6.651875,6.96775,6.672375,6.533333333,6.4495,7.293958333,6.607125,AUT
10.72133333,10.52608333,11.47291667,12.73158333,12.20225,11.89441667,12.95875,12.85175,11.60725,12.37258333,11.71858333,11.36670833,11.5685,11.80770833,11.88625,11.358375,11.34725,11.97116667,12.63129167,10.64708333,12.20145833,AZE
25.4655,25.54983333,26.0245,25.76866667,25.38541667,26.19083333,26.2295,25.62266667,25.25329167,24.97745833,25.44145833,25.462375,25.25929167,25.51870833,25.240625,25.5295,25.47125,25.28433333,24.73133333,25.58595833,25.59145833,AZE
25.12225,25.00316667,25.26166667,25.41583333,25.44025,24.85925,25.52416667,25.71483333,25.184625,25.19775,25.06333333,25.09604167,25.0285,24.81995833,25.30441667,25.008125,25.12604167,25.42866667,25.23658333,24.85429167,25.111125,BGD
26.90466667,27.05683333,26.96008333,27.326,27.01825,27.23933333,27.62508333,27.14083333,26.590625,26.84204167,26.816375,26.88341667,26.55945833,26.93645833,26.8365,26.71620833,26.53270833,26.64375,26.86904167,26.76570833,26.7605,BRB
7.132,6.013833333,6.735916667,7.02125,5.656583333,6.34375,6.528333333,7.71275,6.864916667,6.675166667,6.004791667,6.752416667,5.990166667,6.444583333,6.745458333,6.259958333,6.536083333,6.224708333,6.970208333,6.63125,5.908291667,BLR
10.48925,9.925833333,10.99675,10.69675,8.893166667,10.47241667,10.36916667,10.93425,10.41079167,9.796458333,9.927291667,10.21520833,9.990791667,9.951916667,10.33270833,10.13525,9.688166667,9.641166667,9.480666667,10.780375,9.910333333,BEL
25.64791667,25.60308333,25.90891667,26.00475,25.4505,26.08825,26.22816667,25.36666667,24.91670833,24.729,25.295,25.25375,25.00979167,25.17170833,25.231625,25.30366667,25.14158333,25.46966667,24.85258333,25.428375,25.39170833,BLZ
27.23058333,27.59791667,27.33558333,27.61616667,27.70391667,27.542,28.08858333,27.68041667,27.33370833,27.30420833,27.28091667,27.13691667,26.98054167,27.303125,27.51320833,27.25020833,27.18716667,27.36533333,27.55875,27.16345833,27.21220833,BEN
23.29083333,22.68075,22.37916667,23.21383333,22.19966667,22.33683333,23.07058333,22.978,21.946875,21.93641667,22.20625,22.42279167,21.629,22.41375,21.50441667,21.68529167,21.93858333,21.82408333,22.038875,21.672875,22.11779167,BWA
25.25133333,25.35491667,25.45466667,25.55441667,25.33783333,25.55941667,25.95875,25.28658333,25.05066667,25.141,25.25558333,25.09779167,24.746,25.27283333,25.016375,25.00433333,24.964375,25.00283333,25.11525,24.859,25.09729167,BRA
11.02175,10.71341667,12.20041667,10.80966667,10.4285,10.22533333,11.09891667,11.7885,11.43483333,11.05991667,10.858,10.82845833,10.73245833,10.47825,10.7395,11.00920833,11.01554167,11.164375,11.32179167,10.68845833,11.00195833,BGR
28.132,28.62108333,28.03933333,28.46958333,28.73908333,28.56916667,28.99291667,28.45116667,28.28608333,28.255625,28.420625,28.13016667,28.03433333,28.35808333,28.37195833,28.10691667,28.04108333,28.216375,28.69058333,28.15120833,28.43520833,BFA
27.0705,26.90825,27.12308333,27.08041667,26.83883333,27.21933333,27.95683333,26.83475,26.84420833,26.85975,27.075625,26.938125,26.62508333,27.02045833,27.016125,26.77079167,26.62020833,26.88804167,27.190375,26.82870833,27.258125,KHM
24.29733333,24.66225,24.63166667,24.818,24.70075,24.81733333,25.32308333,24.65616667,24.36816667,24.550875,24.42375,24.4125,24.1635,24.63375,24.57858333,24.506625,24.45366667,24.55954167,24.554875,24.295625,24.60429167,CMR
-4.928916667,-4.4015,-4.433666667,-4.314333333,-4.941166667,-4.2315,-2.553916667,-3.186333333,-4.522333333,-4.076166667,-4.766875,-4.581041667,-5.414083333,-4.207583333,-3.754791667,-5.312,-4.768333333,-5.021458333,-3.483166667,-4.546958333,-4.204958333,CAN
25.09208333,25.74875,25.68275,25.63183333,25.71725,26.04266667,26.20433333,25.46941667,25.33358333,25.759125,25.404,25.51258333,25.22220833,25.64991667,25.45779167,25.52095833,25.349,25.56858333,25.352875,25.16754167,25.41716667,CAF
26.91966667,27.61241667,27.26108333,27.46183333,27.7835,27.79741667,27.89583333,27.77983333,27.14783333,27.510875,27.26233333,27.21545833,27.10558333,27.47845833,27.38208333,27.18166667,27.15441667,27.54816667,27.36958333,27.14804167,27.10925,TCD
9.73775,9.944583333,10.05433333,9.784916667,9.758,10.337,10.29241667,9.829583333,9.434541667,9.647833333,9.462083333,9.537583333,9.798958333,9.604375,9.692208333,9.179833333,9.664166667,9.512541667,9.3095,9.573875,9.824666667,CHL
25.53358333,25.20641667,25.16241667,25.49283333,25.14991667,25.58,25.87916667,24.87066667,24.95158333,24.98554167,25.11675,25.15325,24.86854167,25.13008333,25.00516667,24.84975,24.68029167,24.864875,24.88695833,24.82291667,25.02691667,COL
24.54983333,24.67983333,24.84291667,25.09691667,24.668,25.0605,25.5405,24.8125,24.53691667,24.70425,24.64229167,24.615375,24.25304167,24.681,24.62016667,24.63270833,24.63175,24.66616667,24.76025,24.30329167,24.76733333,COD
26.36175,26.31933333,26.42583333,26.29283333,25.9625,26.80625,26.97408333,25.86441667,25.74420833,25.50216667,25.78575,25.97795833,25.72816667,25.8055,25.89845833,25.75820833,25.56625,25.85979167,25.431125,25.80108333,26.01604167,CRI
12.54908333,11.93158333,13.11,11.88175,11.12575,11.82741667,12.10091667,12.3165,12.52666667,11.622875,11.887125,11.96566667,11.77975,11.1675,11.58925,12.05925,11.754125,11.85008333,11.73266667,12.16454167,11.814,HRV
25.85958333,25.87441667,26.26466667,26.1275,25.80133333,26.63825,26.40708333,25.7975,25.5645,25.30604167,25.7325,25.76991667,25.595625,25.73925,25.58966667,25.75829167,25.64083333,25.51008333,25.09158333,25.77866667,25.790875,CUB
18.04925,18.949,19.802,19.079,19.47558333,18.87625,19.96408333,20.07375,19.23129167,19.72804167,19.371125,19.10729167,18.99579167,19.004875,19.02383333,18.924,19.02429167,19.62754167,19.59358333,18.80670833,19.24570833,CYP
-19.00041667,-18.71616667,-18.08541667,-17.69783333,-16.80566667,-17.45533333,-16.62091667,-17.69908333,-17.29595833,-17.53475,-17.34525,-17.17345833,-17.82029167,-16.90354167,-17.91316667,-17.8135,-17.31025,-17.59954167,-17.28966667,-17.63433333,-16.92604167,DNK
28.999,28.74083333,29.06233333,29.25975,29.16525,29.26933333,29.7805,29.3715,29.20191667,28.99516667,29.027375,29.04075,29.063875,29.17725,29.10491667,28.97125,28.76429167,29.16575,29.36516667,29.29429167,29.11345833,DJI
26.619,26.64791667,26.6245,26.97433333,26.6325,26.95716667,27.268,26.81325,26.23816667,26.50820833,26.507125,26.50925,26.213625,26.59891667,26.494375,26.40883333,26.199375,26.27495833,26.51995833,26.39075,26.48079167,DMA
25.94133333,25.9165,26.28058333,26.35775,25.87075,26.69725,26.67633333,26.17283333,25.82025,25.94770833,25.9665,26.05316667,25.684875,26.04254167,25.97933333,25.89779167,25.75329167,25.77745833,25.725,25.785125,25.916,DOM
22.6115,22.42158333,22.21708333,22.57416667,22.0325,23.08291667,23.121,21.90216667,21.96629167,21.86304167,22.17095833,22.10145833,21.923125,22.121875,22.11933333,21.79308333,21.694125,21.88425,21.78529167,21.88733333,22.07775,ECU
22.55491667,23.39225,23.235,23.16916667,23.42633333,22.93966667,23.68241667,23.77933333,22.83958333,23.39895833,23.17058333,22.77458333,22.74070833,22.955375,23.131,22.760625,22.94695833,23.32325,23.59504167,22.75770833,22.88545833,EGY
25.78191667,25.66308333,25.91316667,25.73408333,25.35441667,26.03575,26.13108333,25.27958333,25.03125,24.81358333,25.169125,25.10095833,24.93554167,25.023875,25.15295833,25.016375,24.85745833,25.30041667,24.70879167,25.2675,25.25954167,SLV
6.401833333,5.14625,5.25225,6.165833333,4.5785,5.778333333,5.361416667,6.456833333,5.622,5.601583333,4.583833333,5.748041667,5.018583333,5.559041667,6.122166667,5.311083333,5.838041667,5.219083333,5.573208333,5.978791667,4.912208333,EST
23.2395,22.98875,23.20866667,23.3965,23.35858333,23.42383333,23.68941667,23.44683333,23.278125,23.32108333,23.27329167,23.23883333,23.24841667,23.30520833,23.17691667,23.03858333,23.05,23.34066667,23.52179167,23.49204167,23.23966667,ETH
25.29633333,25.00716667,25.14875,25.716,25.86108333,25.32341667,25.86533333,25.68666667,25.128375,25.09379167,24.92220833,25.11825,24.94025,25.05041667,25.187,25.26279167,25.11654167,24.88891667,25.47225,25.256875,25.06020833,FJI
2.649583333,1.782916667,1.773916667,2.354083333,1.693083333,2.227583333,1.22675,2.3225,1.795583333,1.844666667,0.633875,2.18975,1.585583333,2.364791667,2.36925,2.049416667,2.184708333,1.76925,1.636958333,2.651708333,1.09625,FIN
13.46291667,13.15016667,14.15616667,13.89975,13.01391667,14.096,13.72066667,13.90491667,13.47733333,13.01245833,13.22004167,13.465125,13.23866667,13.05695833,13.42916667,13.20241667,13.01495833,13.02445833,12.80416667,13.82125,13.12375,FRA
26.56675,26.56641667,26.65716667,26.72191667,26.47458333,26.54308333,26.91816667,26.70433333,26.1505,26.17058333,26.36666667,26.592875,25.92733333,26.23066667,26.26208333,26.15408333,26.10725,26.36995833,26.30791667,26.049625,26.31104167,PYF
24.24025,24.5445,24.64708333,24.93691667,24.46475,24.73041667,25.39483333,24.73683333,24.317375,24.40008333,24.37129167,24.36025,23.99133333,24.38225,24.45020833,24.45204167,24.48333333,24.47225,24.54354167,24.12625,24.58383333,GAB
28.03433333,28.24066667,27.90408333,28.19008333,28.29875,28.35016667,28.82608333,27.7575,27.76320833,28.01995833,28.08875,27.76579167,27.55241667,27.85891667,27.73554167,27.366625,27.68004167,27.493375,28.17133333,27.72708333,27.8065,GMB
7.390916667,7.397833333,8.718333333,9.427583333,9.117916667,8.550666667,9.85875,9.769166667,8.588166667,9.39525,8.546791667,8.34125,8.325375,8.717166667,8.781458333,8.348125,8.280291667,8.937,9.668708333,7.55425,8.961833333,GEO
9.505833333,8.6335,9.847,9.0335,7.374416667,9.048666667,9.17175,9.62075,9.23625,8.38575,8.447,8.948333333,8.726875,8.577916667,9.03,8.925041667,8.58175,8.348,8.213875,9.422791667,8.532291667,DEU
26.83325,27.08891667,26.96608333,27.21225,27.13083333,27.07291667,27.6635,27.11991667,26.939625,26.85595833,26.80791667,26.700125,26.57108333,26.92191667,27.05420833,26.86879167,26.86691667,26.81716667,27.06716667,26.73066667,27.00958333,GHA
14.78533333,15.04058333,16.04466667,15.10225,14.84675,14.76325,15.50608333,15.99216667,15.39045833,15.3805,15.16066667,15.035875,15.014,14.78625,14.81958333,15.11295833,15.19841667,15.42320833,15.551125,14.84779167,15.23120833,GRC
27.15708333,27.34841667,27.251,27.63533333,27.28625,27.45233333,27.946,27.46391667,26.90358333,27.08954167,27.08375,27.21620833,26.810375,27.182875,27.089125,26.95820833,26.83475,26.94866667,27.153,27.04529167,27.05675,GRD
23.79075,23.77633333,24.02166667,23.96066667,23.45008333,24.07683333,24.3065,23.41841667,23.14508333,22.95554167,23.3505,23.31691667,23.053625,23.29041667,23.28916667,23.308,23.11420833,23.53120833,22.96041667,23.461,23.48783333,GTM
25.78408333,26.02783333,25.75541667,25.94608333,26.10075,25.98566667,26.51966667,25.84191667,25.67470833,25.84041667,25.905625,25.768125,25.54,25.84029167,25.70166667,25.5295,25.63054167,25.584875,26.048125,25.65666667,25.83633333,GIN
26.50358333,26.31041667,26.43025,26.888,26.48758333,26.73616667,27.1385,26.42375,26.160125,26.32075,26.21470833,26.4015,26.07675,26.40316667,26.23233333,26.06329167,26.04375,26.33983333,26.31320833,26.12329167,26.30983333,GUY
26.67183333,26.61958333,27.10525,27.10425,26.65608333,27.54583333,27.39541667,26.85016667,26.559875,26.60045833,26.657625,26.79370833,26.5035,26.73058333,26.63633333,26.654,26.514375,26.49520833,26.33091667,26.51345833,26.66066667,HTI
25.46158333,25.292,25.67583333,25.83216667,25.17933333,25.83966667,26.09925,25.21883333,24.768625,24.48016667,24.93345833,24.95616667,24.72404167,24.91520833,24.97795833,24.89225,24.709875,25.02733333,24.51025,25.09966667,25.016,HND
10.99633333,10.12091667,11.54541667,10.30275,9.357,9.871916667,10.36183333,10.655,11.00329167,9.955166667,10.12791667,10.27429167,10.066625,9.757958333,10.14245833,10.48316667,10.21820833,10.34904167,10.271625,10.49995833,10.089,HUN
1.769083333,1.70325,1.584333333,1.06825,2.3195,2.223666667,1.60775,1.84225,1.733666667,2.049083333,1.69275,2.007458333,2.190875,1.7985,1.744,1.606166667,2.1635,1.943625,1.808333333,1.974375,2.047416667,ISL
24.22291667,24.40866667,24.29641667,24.42975,24.43691667,24.04733333,24.75541667,24.65983333,24.43291667,24.33308333,24.61583333,24.20866667,24.19654167,24.00520833,24.31008333,24.1635,24.07395833,24.40383333,24.2975,24.14245833,24.32395833,IND
26.17016667,26.13883333,26.08425,26.22966667,26.215,26.37191667,26.75475,26.1335,25.96241667,25.86108333,25.86720833,25.93425,25.73208333,26.06804167,26.017875,25.77033333,25.707,25.94679167,25.971375,25.78095833,25.91054167,IDN
20.68583333,21.90308333,22.64241667,22.431,23.01375,21.92116667,23.45541667,23.49333333,22.347,23.128375,22.55320833,22.12095833,22.09658333,21.972,22.13058333,21.88191667,22.24370833,22.6095,23.00079167,21.44445833,22.629125,IRQ
9.789,9.641583333,9.884833333,10.51891667,9.591166667,10.6835,10.4595,10.45816667,9.728958333,9.571125,9.765416667,9.836416667,9.793416667,9.94975,9.978708333,9.909166667,9.892916667,9.543291667,9.235791667,10.03333333,9.654291667,IRL
19.02866667,19.97541667,20.50033333,20.04333333,20.52808333,19.82316667,20.96641667,20.89216667,20.045375,20.63683333,20.32216667,19.86666667,19.80741667,19.83541667,19.95979167,19.757,19.93216667,20.40754167,20.68645833,19.59175,20.17970833,ISR
13.58175,13.40966667,14.28483333,13.23408333,13.007,13.83883333,13.66233333,13.763,13.56175,13.07991667,13.225375,13.38533333,13.246,12.63583333,13.05875,13.24708333,13.109875,13.09945833,12.84966667,13.5385,13.14670833,ITA
26.72041667,26.523,26.911,26.89391667,26.47483333,27.19916667,27.23558333,26.53566667,26.33466667,26.15275,26.42983333,26.57745833,26.31820833,26.433625,26.44845833,26.45533333,26.282625,26.253875,25.95425,26.35529167,26.49841667,JAM
12.48425,12.05516667,13.22975,12.47541667,12.08283333,12.75241667,13.24475,13.08008333,12.15375,12.06508333,12.18054167,12.17516667,12.60291667,12.07666667,11.9705,12.29766667,11.98545833,12.16129167,12.29725,12.35891667,12.00945833,JPN
18.60491667,19.67991667,20.26558333,19.84791667,20.422,19.48458333,20.77358333,20.62116667,19.801875,20.42220833,19.96604167,19.61325,19.57179167,19.5365,19.70725,19.48125,19.65991667,20.126125,20.53116667,19.31320833,19.96370833,JOR
5.809666667,4.70225,5.5365,7.335333333,5.100833333,7.065333333,6.248916667,6.9755,5.618958333,6.000875,6.313583333,5.216333333,6.175375,5.75025,6.026041667,5.676958333,5.488291667,5.913208333,5.820083333,5.203708333,5.505083333,KAZ
24.40891667,24.28158333,24.52491667,24.47533333,24.453,24.56475,24.591,24.57058333,24.42325,24.37616667,24.37504167,24.44629167,24.25008333,24.42979167,24.101125,24.12816667,24.26329167,24.397375,24.37866667,24.39725,24.32708333,KEN
27.28733333,27.13858333,27.24708333,27.46591667,27.3535,27.49633333,27.466,26.93541667,26.81883333,26.92516667,27.00483333,26.96979167,26.91758333,27.13654167,27.13120833,26.77529167,26.587125,26.90270833,26.714625,26.74533333,26.90625,KIR
24.30033333,25.36183333,25.84233333,25.49175,26.32791667,25.31583333,26.67075,26.83683333,25.73654167,26.22295833,25.93075,25.414125,25.50095833,25.241875,25.37545833,25.123,25.51670833,25.90645833,26.048,24.89166667,25.89116667,KWT
3.72075,3.116166667,3.75275,4.050166667,3.414583333,4.873916667,4.393166667,4.600333333,3.746375,3.790958333,3.969166667,2.746208333,3.939208333,3.225541667,3.889416667,3.618958333,3.626333333,3.990416667,3.747958333,3.7245,3.676625,KGZ
6.920083333,5.639916667,5.9385,6.566333333,4.967,6.232083333,5.99775,7.108916667,6.246291667,6.134125,5.252541667,6.290708333,5.456041667,5.952,6.546791667,5.762458333,6.251458333,5.623541667,6.14575,6.418791667,5.400166667,LVA
16.92125,17.92625,18.66425,18.10483333,18.50016667,17.73158333,19.00166667,18.9815,18.12725,18.72541667,18.30466667,17.89966667,17.84029167,17.78170833,17.853875,17.76958333,17.95233333,18.41270833,18.69508333,17.43070833,18.18808333,LBN
14.89008333,14.63275,13.90275,14.246,13.65566667,13.95325,14.54233333,14.98216667,13.948625,13.8285,13.75329167,13.99541667,13.87570833,13.929125,13.46566667,13.77,13.89708333,13.838125,13.903,13.60616667,14.053875,LSO
25.65591667,25.83258333,25.72091667,25.94875,25.99625,25.99066667,26.46,25.88966667,25.59641667,25.71879167,25.63125,25.689875,25.45783333,25.70945833,25.72954167,25.6065,25.62308333,25.647,25.89395833,25.54025,25.78220833,LBR
7.46825,6.24175,6.809416667,7.007333333,5.405583333,6.72675,6.653166667,7.67825,6.977541667,6.694583333,5.962125,6.806708333,6.001125,6.467291667,6.972833333,6.358833333,6.756083333,6.124208333,6.712958333,6.97725,6.016375,LTU
10.22383333,9.65275,10.82216667,10.34266667,8.652583333,10.167,9.995416667,10.54233333,10.13983333,9.431541667,9.6285,9.971958333,9.657166667,9.600541667,9.974416667,9.80275,9.29875,9.327958333,9.197208333,10.46895833,9.557583333,LUX
23.34133333,23.45583333,23.44458333,23.47975,23.26291667,23.45291667,23.75341667,23.41925,23.11795833,23.13791667,23.20958333,23.03458333,22.765625,23.1355,23.06870833,22.969,23.00741667,23.111125,23.000625,22.975125,23.068875,MDG
22.39033333,21.94016667,21.98016667,22.30166667,21.96333333,22.03475,22.37791667,21.68925,21.660875,21.56754167,21.86433333,21.83433333,21.14225,22.04520833,21.56770833,21.34766667,21.632625,21.66608333,21.656125,21.542625,21.717,MWI
26.28658333,26.215,26.27716667,26.3345,26.23891667,26.55641667,27.055,26.24891667,26.07820833,25.99033333,26.07704167,26.06058333,25.8875,26.26908333,26.151,26.01658333,25.88770833,26.08745833,26.120375,26.009625,26.177625,MYS
28.56616667,28.9665,28.37625,28.904,29.25258333,29.13391667,29.49308333,28.79258333,28.70316667,28.72708333,28.92970833,28.64920833,28.48104167,28.73933333,28.51058333,28.31216667,28.47658333,28.6475,29.2835,28.61745833,28.58608333,MLI
18.83208333,19.05125,19.83766667,19.07275,18.96241667,19.39666667,19.31108333,19.842,19.048375,19.15495833,19.02516667,18.80816667,18.72483333,18.54404167,18.87270833,18.87816667,19.13575,18.72329167,18.83520833,18.93058333,19.05808333,MLT
27.955,27.85841667,27.91091667,28.26,28.5385,28.6,28.96991667,27.87291667,27.89925,28.20116667,28.172125,27.89516667,27.76016667,28.02208333,27.84095833,27.48375,27.82729167,27.79516667,28.45329167,27.86,27.769625,MRT
23.80908333,23.91108333,24.16583333,24.02341667,23.89116667,24.09741667,24.40591667,24.1075,23.733375,24.00533333,23.85329167,23.785375,23.56054167,23.723,23.81341667,23.62633333,23.66379167,23.78820833,23.89866667,23.80879167,23.86708333,MUS
20.65033333,20.93883333,21.32575,21.37066667,21.13216667,20.89858333,21.53175,21.1285,20.87683333,20.709125,20.90329167,20.65154167,20.50770833,20.82441667,20.8265,20.817625,20.8155,21.05841667,20.64133333,21.110375,20.81970833,MEX
0.261666667,-0.212583333,0.6935,0.7485,-0.082666667,1.2595,1.596916667,1.099166667,-0.497166667,-0.02775,0.266916667,-0.700958333,-0.044708333,-0.874666667,-0.206416667,0.464166667,-0.075416667,-0.462458333,-1.075,-0.438375,-1.309625,MNG
10.94225,10.78333333,11.7725,10.38358333,10.32358333,10.57216667,10.93083333,11.24866667,11.13729167,10.58520833,10.69045833,10.771375,10.51779167,9.981,10.18375,10.74175,10.6745,10.72945833,10.81304167,10.712375,10.54233333,MNE
17.68575,17.50266667,18.46041667,18.78883333,18.24833333,18.79925,18.71266667,18.36833333,18.06625,18.35291667,18.11170833,18.04316667,17.98308333,17.96720833,18.02695833,17.681,17.941875,18.108625,18.37275,18.03825,18.01354167,MAR
24.743,24.2475,24.04225,24.4765,24.09016667,24.15225,24.62341667,24.0815,23.84225,23.72541667,23.977375,23.98008333,23.349875,24.132,23.73158333,23.51575,23.81520833,23.86291667,23.70641667,23.63066667,23.86608333,MOZ
21.33683333,21.24833333,20.95108333,21.60025,20.82866667,20.81816667,21.67666667,21.46591667,20.81283333,20.7975,20.827875,20.976375,20.63920833,20.73025,20.102375,20.41983333,20.4855,20.59816667,20.84945833,20.20779167,20.44808333,NAM
15.07558333,15.27625,15.45825,15.45333333,15.45983333,14.69191667,15.57775,15.94458333,15.15254167,15.30408333,15.32933333,15.154625,15.15470833,14.73079167,15.45370833,15.14879167,15.28429167,15.49516667,15.37808333,14.95741667,15.00470833,NPL
10.75216667,9.8475,10.842,10.59466667,8.739333333,10.40941667,10.51858333,11.08616667,10.41554167,9.874625,9.854,10.19,10.07241667,10.0545,10.48333333,10.248125,9.892208333,9.696958333,9.540166667,10.69470833,9.987958333,NLD
22.95016667,22.781,22.67166667,23.70741667,23.6115,23.18333333,24.29891667,23.54941667,22.707375,23.21195833,22.76941667,22.94520833,22.62454167,22.686375,22.782625,23.061375,22.92079167,22.79433333,23.16716667,23.051,22.85729167,NCL
9.936166667,10.23825,10.54225,10.82108333,10.7435,10.542,11.633,11.61225,10.54320833,10.4475,10.09020833,10.33908333,10.054375,10.494125,10.08366667,10.67683333,10.55245833,10.538125,10.94241667,10.71016667,10.17329167,NZL
26.73125,26.61125,26.86691667,26.92175,26.40975,27.02683333,27.39625,26.46,26.05004167,25.77658333,26.16658333,26.317375,26.0365,26.18341667,26.285625,26.219125,25.955125,26.23195833,25.819875,26.28391667,26.3045,NIC
27.18508333,27.75333333,27.40058333,27.89541667,28.128,28.131,28.32766667,28.26875,27.59608333,27.67816667,27.649125,27.50095833,27.427625,27.64695833,27.63304167,27.44479167,27.39775,27.97995833,28.022,27.64766667,27.483125,NER
26.66366667,27.10333333,26.81883333,27.16516667,27.19466667,27.14491667,27.61191667,27.32916667,26.78445833,26.82104167,26.83958333,26.743125,26.60058333,26.88229167,27.033,26.81295833,26.76504167,27.10641667,27.09016667,26.847,26.82320833,NGA
1.296166667,0.419,0.4645,0.506,0.255666667,1.04375,0.465416667,1.27975,0.433416667,0.524833333,0.086916667,0.643916667,0.605,0.957833333,1.243,1.0085,0.937875,0.411791667,0.095875,1.321333333,0.432041667,NOR
26.73891667,27.36858333,27.75608333,27.3235,27.17358333,27.3465,28.18675,28.11283333,27.33458333,27.353,27.48991667,27.275875,27.459375,27.43695833,27.344875,27.43470833,27.08745833,27.54529167,27.415125,27.24183333,27.48241667,OMN
20.7085,21.44483333,21.16308333,21.07391667,20.93383333,20.73875,21.66275,21.863,21.28854167,21.22225,21.59958333,20.67958333,21.382,20.621875,21.03025,20.949125,20.91625,21.053375,21.013,21.00629167,20.91970833,PAK
27.1085,26.937,27.006,26.95808333,26.66833333,27.41291667,27.54741667,26.42525,26.47608333,26.20370833,26.61479167,26.71745833,26.38483333,26.53641667,26.58016667,26.43158333,26.28279167,26.48145833,26.23495833,26.40841667,26.78145833,PAN
23.09075,23.73425,24.47091667,23.96375,23.41483333,24.40741667,23.41725,23.69758333,23.68454167,23.85070833,24.17625,23.59825,23.29291667,23.427375,23.96854167,23.29058333,23.27929167,23.41579167,23.29025,23.17020833,23.74383333,PRY
20.83658333,20.5025,20.53058333,20.686,20.115,20.93658333,21.18183333,20.06775,20.12258333,19.97025,20.12520833,19.98558333,19.96308333,20.19791667,20.07804167,19.78158333,19.754125,19.88554167,19.85891667,19.93241667,20.12375,PER
26.9015,26.84633333,26.83133333,26.82641667,26.88791667,26.97633333,27.77941667,26.92575,26.63054167,26.58120833,26.55975,26.61920833,26.41875,26.60266667,26.68716667,26.570375,26.49870833,26.58570833,26.74154167,26.41583333,26.76795833,PHL
8.8135,7.831083333,8.921,8.26225,6.7685,7.980666667,8.315166667,9.035,8.682291667,7.870375,7.618875,8.156875,7.799166667,7.941875,8.301458333,8.10125,8.142125,7.730833333,7.895,8.527083333,7.662416667,POL
15.11133333,14.52016667,15.31283333,16.34741667,15.29633333,16.26758333,15.645,15.27908333,15.052375,14.87954167,14.94825,15.17575,15.169375,14.87454167,15.31229167,14.81891667,15.02054167,15.14708333,14.930375,15.217875,14.81641667,PRT
9.562583333,8.862916667,10.609,9.13875,8.649416667,8.523666667,9.178416667,10.091,9.926458333,9.149208333,9.131375,9.227833333,9.015666667,8.883875,9.192625,9.40925,9.331666667,9.508833333,9.598166667,9.162625,9.176083333,ROU
19.692,19.6935,19.71241667,19.9635,19.47741667,19.95575,19.95183333,19.50883333,19.49433333,19.769,19.6555,19.74529167,19.201875,19.71854167,19.52075,19.31145833,19.17604167,19.192,19.464875,19.58820833,19.83245833,RWA
27.103,27.24741667,27.14025,27.49275,27.17508333,27.44208333,27.812,27.32858333,26.77695833,27.01529167,27.02079167,27.075875,26.73533333,27.12491667,27.028625,26.92408333,26.73408333,26.82754167,27.048,26.93770833,26.97020833,LCA
26.75916667,26.52291667,26.74891667,27.03733333,26.84583333,26.70691667,27.12191667,26.78033333,26.40654167,26.40770833,26.55220833,26.531,26.42620833,26.49654167,26.56454167,26.4365,26.22825,26.18433333,26.51970833,26.31875,26.47795833,WSM
24.77125,25.741,26.29758333,25.98916667,26.433,25.86766667,26.85375,26.94058333,26.06591667,26.26470833,26.08208333,25.87554167,25.90254167,25.81929167,25.89158333,25.75141667,25.82325,26.30729167,26.28725,25.66275,26.08983333,SAU
28.45983333,28.6465,28.24108333,28.55691667,28.77566667,28.82133333,29.25425,28.12733333,28.19095833,28.453625,28.50008333,28.216375,28.014,28.28016667,28.19158333,27.80958333,28.16,27.93791667,28.60470833,28.187875,28.20854167,SEN
10.97558333,10.41441667,11.68225,10.27616667,9.824916667,9.984,10.56833333,10.91725,11.15204167,10.31370833,10.46316667,10.487875,10.31554167,9.824916667,10.16379167,10.668375,10.53895833,10.56854167,10.6695,10.46783333,10.36079167,SRB
26.39716667,26.60883333,26.35825,26.57816667,26.7045,26.6695,27.07575,26.5215,26.253,26.40629167,26.3935,26.36745833,26.14741667,26.41525,26.30354167,26.17141667,26.26783333,26.22883333,26.58029167,26.252625,26.41908333,SLE
8.727166667,7.982166667,9.297583333,8.153,7.126166667,7.773083333,8.333583333,8.675583333,8.766208333,7.77775,7.779791667,8.158916667,7.828208333,7.681875,8.058,8.228583333,8.063666667,8.020166667,8.043916667,8.438291667,7.789125,SVK
10.92533333,10.35,11.502,10.28958333,9.445,10.38291667,10.59733333,10.68691667,10.86570833,9.967458333,10.2255,10.33095833,10.150125,9.506083333,10.00883333,10.41270833,10.042875,10.13520833,9.9655,10.60704167,10.16754167,SVN
27.00191667,26.781,26.79308333,27.2005,27.12491667,26.95041667,27.37433333,26.99425,26.73766667,26.975375,26.59045833,26.80333333,26.58875,26.67775,26.77554167,26.690875,26.649625,26.98654167,26.79575,26.87783333,26.83016667,SLB
18.25616667,18.20275,17.61475,17.87075,17.25866667,17.61525,18.09533333,18.5455,17.48579167,17.38854167,17.331625,17.45008333,17.3395,17.498125,17.05891667,17.23454167,17.36133333,17.42241667,17.464,17.18254167,17.47895833,ZAF
13.95525,13.50066667,14.651,15.07216667,14.15125,15.10591667,14.552,14.3665,14.04908333,13.85175,13.98633333,14.1395,14.120125,13.72641667,14.24320833,13.77304167,13.92795833,14.00841667,13.65975,14.36554167,13.90066667,ESP
27.26983333,27.36741667,27.36525,27.5875,27.39958333,27.65766667,28.15325,27.36125,27.356,27.40554167,27.404125,27.40004167,27.09816667,27.35941667,27.36133333,27.11183333,27.07054167,27.2535,27.24370833,27.265125,27.46495833,LKA
26.87966667,27.68025,27.25733333,27.49883333,27.75066667,27.694,27.803,27.7195,27.17233333,27.67983333,27.385125,27.26908333,27.201625,27.40416667,27.172875,27.19445833,27.26154167,27.60579167,27.56166667,27.21241667,27.21025,SDN
26.80558333,26.58958333,26.56608333,27.04533333,26.82158333,27.04716667,27.40016667,26.7225,26.36225,26.5945,26.43475,26.58120833,26.31033333,26.74120833,26.449375,26.31366667,26.367,26.58941667,26.56695833,26.41541667,26.61204167,SUR
20.26983333,19.725,18.97041667,19.53933333,19.111,19.1525,19.86541667,19.78883333,18.93941667,18.933,18.984875,19.268375,18.838125,19.20229167,18.75470833,18.85058333,18.993375,19.21033333,18.81391667,18.80225,19.21729167,SWZ
3.87225,2.945,2.879916667,3.066,2.39175,3.730583333,2.872916667,3.543916667,2.878208333,2.955833333,2.304208333,3.16975,2.707041667,3.19525,3.60675,3.242375,3.334333333,2.626916667,2.382125,3.806666667,2.50625,SWE
8.059666667,7.617333333,8.821083333,7.751916667,6.974583333,8.212416667,7.958,7.902833333,7.933916667,7.137,7.56275,7.750208333,7.6295,7.079541667,7.62375,7.685541667,7.283416667,7.239916667,6.975916667,8.193666667,7.31875,CHE
4.4305,4.142666667,4.72025,4.808666667,4.275333333,5.452416667,5.116416667,5.425,4.469666667,4.762125,4.711708333,3.78,4.771625,4.14275,4.66875,4.2445,4.400666667,4.683291667,4.559458333,4.454833333,4.240291667,TJK
26.29116667,26.29708333,26.477,26.52991667,26.1855,26.63516667,27.37966667,26.22225,26.20120833,26.36775,26.45204167,26.26545833,25.95816667,26.407375,26.44525,26.10266667,25.96,26.26304167,26.59375,26.12895833,26.603125,THA
26.9755,27.23675,27.08166667,27.31133333,27.30583333,27.22541667,27.80558333,27.28033333,27.103375,27.01533333,26.95354167,26.81091667,26.67408333,27.05641667,27.19416667,27.04025,26.980875,26.99570833,27.205,26.882,27.0045,TGO
20.03316667,20.56766667,21.266,20.68316667,20.5275,21.084,20.76133333,21.65691667,20.49058333,20.70245833,20.651875,20.38795833,20.39979167,20.21708333,20.30470833,20.1225,20.45766667,20.1995,20.49929167,20.38775,20.61579167,TUN
10.51666667,11.27741667,12.74483333,12.18883333,12.40591667,11.568,12.88316667,13.08725,12.05783333,12.83783333,11.982,11.84608333,11.75583333,11.87095833,11.90216667,11.782625,11.74533333,12.36225,12.88691667,11.215125,12.23025,TUR
15.03683333,14.73541667,15.35641667,16.52091667,15.327,16.335,16.16258333,16.3785,15.1615,15.77725,15.76695833,14.81408333,15.47395833,15.47908333,15.547125,15.05504167,15.04254167,15.81375,15.805,14.64233333,15.25204167,TKM
23.29541667,23.39091667,23.41558333,23.57158333,23.3005,23.81366667,23.74425,23.28408333,23.26741667,23.62,23.49066667,23.45941667,23.04795833,23.35754167,23.17370833,23.06225,22.99425,23.14016667,23.24125,23.41520833,23.51483333,UGA
8.37975,7.458416667,8.80725,8.709083333,7.552583333,7.604583333,8.455583333,9.50725,8.567833333,8.563041667,7.983541667,8.333,8.005208333,8.447958333,8.439291667,8.319625,8.095416667,8.474458333,8.941,7.835833333,7.9545,UKR
27.28408333,28.07041667,28.39741667,27.98633333,28.31925,28.12066667,29.29258333,29.29841667,28.23283333,28.32291667,28.45416667,28.14279167,28.36683333,28.24841667,28.19620833,28.22591667,28.05741667,28.41333333,28.37829167,28.02625,28.445125,ARE
9.025,8.66975,9.15075,9.419583333,8.551166667,9.64425,9.46275,9.663333333,8.965041667,8.759625,8.840583333,9.035708333,9.000583333,9.022833333,9.227125,8.945375,8.962333333,8.674291667,8.396541667,9.488416667,8.739333333,GBR
17.52883333,17.64641667,18.13191667,17.66475,17.87416667,18.3655,17.5215,17.60775,17.768625,17.80729167,17.68716667,17.41441667,17.455625,17.43095833,17.85879167,17.126625,17.43945833,17.14041667,17.15004167,16.85491667,17.68545833,URY
12.86333333,11.956,12.63916667,13.97133333,12.45225,13.84725,13.245,13.9085,12.67691667,13.14795833,13.31420833,12.20491667,13.10883333,12.87354167,12.92095833,12.58141667,12.43904167,13.21833333,13.194125,12.18183333,12.6445,UZB
26.2665,26.402,26.99425,26.57766667,26.54616667,26.94,27.36866667,27.35358333,26.713375,26.460375,26.583625,26.50270833,26.681375,26.615875,26.53645833,26.479625,26.245625,26.738375,26.64541667,26.566625,26.6335,YEM
22.41466667,21.71158333,21.84658333,22.45141667,22.01808333,21.94975,22.30066667,21.45175,21.46641667,21.42929167,21.76233333,21.69383333,20.99154167,21.914875,21.30166667,21.13741667,21.2955,21.31466667,21.463,21.24175,21.57175,ZMB
22.84033333,21.85225,21.60875,22.49633333,21.55316667,21.56666667,22.14216667,21.48633333,21.21241667,21.18445833,21.491625,21.442625,20.667625,21.69529167,21.092125,20.905125,21.292,21.148375,21.16108333,21.07404167,21.453625,ZWE